{
  "dijkstra_parte2": {
    "tempo": 1.9728610515594482,
    "memoria": [
      13577531,
      14464640
    ]
  },
  "bellman_ford_parte2": {
    "tempo": 1.2103922367095947,
    "memoria": [
      8161129,
      8735763
    ]
  }
}