{
  "dijkstra_parte2": {
    "tempo": 1.9876925945281982,
    "memoria": [
      13548519,
      14766704
    ]
  },
  "bellman_ford_parte2": {
    "tempo": 1.5639457702636719,
    "memoria": [
      8159532,
      8611885
    ]
  }
}