{
  "dijkstra_parte2": {
    "tempo": 2.8329880237579346,
    "memoria": [
      13548519,
      14766704
    ]
  },
  "bellman_ford_parte2": {
    "tempo": 2.676759719848633,
    "memoria": [
      8159337,
      8611717
    ]
  }
}